[
  {
    "step": 1,
    "title": "1-й шаг. Найдите ответ на фото музея и нажмите на него.",
    "clue": "Предмет, сделанный из кожи и предназначенный для ношения пистолета.",
    "answer": "кобура",
    "descr": "Кожаная кобура без пистолета.",
    "media": "assets/cobura.jpg",
    "thumb": "assets/cobura_thumb.jpg",
    "left": "8%",
    "top": "18%",
    "objectName": "Кобура"
  },
  {
    "step": 2,
    "title": "2-й шаг. Найдите ответ на фото музея и нажмите на него.",
    "clue": "Капитан командовавший обороной Могилёв на линии Гаи-Пашково. Подняв своих подчинённых в последнюю атаку, капитан погиб.",
    "answer": "владимиров",
    "descr": "Тяжело раненный капитан, подняв своих подчинённых в последнюю атаку, погиб. В живых из 250 бойцов осталось только 19 человек. В д. Гаи им стоит памятник.",
    "media": "assets/vladimirov.jpg",
    "thumb": "assets/vladimirov_thumb.jpg",
    "left": "22%",
    "top": "24%",
    "objectName": "Владимиров"
  },
  {
    "step": 3,
    "title": "3-й шаг. Найдите ответ на фото музея и нажмите на него.",
    "clue": "Генерал-майор, командовавший обороной Могилёва. Был ранен, схвачен фашистами и замучен в концлагере Хаммельбург.",
    "answer": "генерал Романов",
    "descr": "Генерал-майор Романов, скончался в концлагере Хаммельбург.",
    "media": "assets/general.jpg",
    "thumb": "assets/general_thumb.jpg",
    "left": "36%",
    "top": "26%",
    "objectName": "Генерал Романов"
  },
  {
    "step": 4,
    "title": "4-й шаг. Найдите ответ на фото музея и нажмите на него.",
    "clue": "Совецкий офицер, полковник, в годы Великой Отечественной войны участик обороны Могилёва, командир 388-го стрелкового полка.",
    "answer": "кутепов",
    "descr": "Полковник Кутепов, пропавший без вести при обороне Могилёва.",
    "media": "assets/romanov.jpg",
    "thumb": "assets/romanov_thumb.jpg",
    "left": "50%",
    "top": "22%",
    "objectName": "Кутепов"
  },
  {
    "step": 5,
    "title": "5-й шаг. Найдите ответ на фото музея и нажмите на него.",
    "clue": "Этот предмет имеет отношение только к офицерскому составу. Был необходим для хранения документов, карт, карандашей.",
    "answer": "планшет",
    "descr": "Офицерская сумка-планшет.",
    "media": "assets/planchet.jpg",
    "thumb": "assets/planchet_thumb.jpg",
    "left": "64%",
    "top": "26%",
    "objectName": "Планшет"
  },
  {
    "step": 6,
    "title": "6-й шаг. Найдите ответ на фото музея и нажмите на него.",
    "clue": "Найдите портрет Могилёвской подпольщицы которая после войны работала в школе учителем истории СШ №22 г. Могилёва.",
    "answer": "смирнова",
    "descr": "Учитель, участница обороны Могилёва.",
    "media": "assets/smirnova.jpg",
    "thumb": "assets/smirnova_thumb.jpg",
    "left": "78%",
    "top": "28%",
    "objectName": "Смирнова Л.Н."
  },
  {
    "step": 7,
    "title": "7-й шаг. Найдите ответ на фото музея и нажмите на него.",
    "clue": "Предмет который веселил партизан в минуты затишья на фронте.",
    "answer": "патефон",
    "descr": "Патефон.",
    "media": "assets/patefon.jpg",
    "thumb": "assets/ptefon_thumb.jpg",
    "left": "12%",
    "top": "46%",
    "objectName": "Патефон"
  },
  {
    "step": 8,
    "title": "8-й шаг. Найдите ответ на фото музея и нажмите на него.",
    "clue": "Трофейный предмет, который также помогал приближать наших бойцов к Победе.",
    "answer": "автомат",
    "descr": "Немецкий трофейный автомат. Часто бывало, что партизаны только такое оружие и имели в своём распоряжении.",
    "media": "assets/avtomat.jpg",
    "thumb": "assets/avtomat_thumb.jpg",
    "left": "28%",
    "top": "52%",
    "objectName": "Автомат"
  },
  {
    "step": 9,
    "title": "9-й шаг. Найдите ответ на фото музея и нажмите на него.",
    "clue": "Без этого предмета жизнь партизан была невозможна. Она согревала бойцов, на ней сушили мокрую одежду, готовили еду.",
    "answer": "печка",
    "descr": "Печка.",
    "media": "assets/pechka.jpg",
    "thumb": "assets/pachka_thumb.jpg",
    "left": "44%",
    "top": "48%",
    "objectName": "Печка"
  },
  {
    "step": 10,
    "title": "10-й шаг. Найдите ответ на фото музея и нажмите на него.",
    "clue": "Они летели, взрывались, превращая землю в столб пыли, оставляя после себя огромную воронку и десятки трупов вокруг.",
    "answer": "снаряд",
    "descr": "Армейский артиллерийский снаряд.",
    "media": "assets/shell.jpg",
    "thumb": "assets/shell_thumb.jpg",
    "left": "60%",
    "top": "52%",
    "objectName": "Снаряд"
  },
  {
    "step": 11,
    "title": "11-й шаг. Найдите ответ на фото музея и нажмите на него.",
    "clue": "Это гордость нашего музея, на ней изображён боевой путь отряда «Славный».",
    "answer": "карта",
    "descr": "Боевой путь отряда «Славный».",
    "media": "assets/map_insignia.jpg",
    "thumb": "assets/insignia_thumb.jpg",
    "left": "76%",
    "top": "50%",
    "objectName": "Карта (боевой путь)"
  },
  {
    "step": 12,
    "title": "12-й шаг. Найдите ответ на фото музея и нажмите на него.",
    "clue": "Этот головной убор защищал бойцов от пуль и осколков, часто спасая им жизни.",
    "answer": "каска",
    "descr": "Солдатская каска.",
    "media": "assets/helmet.jpg",
    "thumb": "assets/helmet_thumb.jpg",
    "left": "14%",
    "top": "68%",
    "objectName": "Каска"
  },
  {
    "step": 13,
    "title": "13-й шаг. Футляр противогаза",
    "clue": "Футляр от немецкого противогаза.",
    "answer": "футляр",
    "descr": "Футляр от немецкого противогаза.",
    "media": "assets/gas_case.jpg",
    "thumb": "assets/gas_mask_case_thumb.jpg",
    "left": "30%",
    "top": "70%",
    "objectName": "Футляр противогаза"
  },
  {
    "step": 14,
    "title": "14-й шаг. Найдите ответ на фото музея и нажмите на него.",
    "clue": "Предмет, служивший средством связи на фронте.",
    "answer": "рация",
    "descr": "Полевой радиопередатчик.",
    "media": "assets/radio.jpg",
    "thumb": "assets/radio_thumb.jpg",
    "left": "46%",
    "top": "72%",
    "objectName": "Рация"
  },
  {
    "step": 15,
    "title": "15-й шаг. Найдите ответ на фото музея и нажмите на него.",
    "clue": "Предмет, необходимый для приготовления пищи в полевых условиях.",
    "answer": "примус",
    "descr": "Полевая кухонная горелка (примус).",
    "media": "assets/primus.jpg",
    "thumb": "assets/primus_thumb.jpg",
    "left": "62%",
    "top": "68%",
    "objectName": "Примус"
  },
  {
    "step": 16,
    "title": "16-й шаг. Найдите ответ на фото музея и нажмите на него.",
    "clue": "Фотография, на которой изображена одна из улиц Могилёва в день освобождения 28 июня 1944 г.",
    "answer": "церковь",
    "descr": "Фотография освобождения — церковь.",
    "media": "assets/church.jpg",
    "thumb": "assets/church_photo_thumb.jpg",
    "left": "78%",
    "top": "72%",
    "objectName": "Фото — церковь"
  },
  {
    "step": 17,
    "title": "17-й шаг. Найдите ответ на фото музея и нажмите на него.",
    "clue": "В случае химической атаки этот предмет надевали не только на людей, но и на лошадей.",
    "answer": "противогаз",
    "descr": "Противогаз.",
    "media": "assets/gas_mask.jpg",
    "thumb": "assets/protivogaz_thumb.jpg",
    "left": "22%",
    "top": "84%",
    "objectName": "Противогаз"
  },
  {
    "step": 18,
    "title": "18-й шаг. Найдите ответ на фото музея и нажмите на него.",
    "clue": "Предмет служил не только для поддержки штанов, но и для ношения оружия.",
    "answer": "ремень",
    "descr": "Солдатский ремень.",
    "media": "assets/belt.jpg",
    "thumb": "assets/belt_thumb.jpg",
    "left": "40%",
    "top": "82%",
    "objectName": "Ремень"
  },
  {
    "step": 19,
    "title": "19-й шаг. Найдите ответ на фото музея и нажмите на него.",
    "clue": "После войны дети офицеров могли носить этот предмет в школу, и все им завидовали, потому что знали, что их отец — командир.",
    "answer": "полевая сумка",
    "descr": "Полевая сумка — признак офицерского сына.",
    "media": "assets/school_uniform.jpg",
    "thumb": "assets/school_uniform_thumb.jpg",
    "left": "58%",
    "top": "84%",
    "objectName": "Полевая сумка"
  },
  {
    "step": 20,
    "title": "20-й шаг. Найдите ответ на фото музея и нажмите на него.",
    "clue": "Солдаты сложили свои вещи в этот предмет, сели в товарные вагоны и отправились домой.",
    "answer": "чемодан",
    "descr": "Чемодан/сундук солдата.",
    "media": "assets/trunk.jpg",
    "thumb": "assets/trunk_thumb.jpg",
    "left": "76%",
    "top": "84%",
    "objectName": "Чемодан"
  }
]